N;Dat1;Dat2;;;;;;
1;22,74;15;;;;;;
2;33,56;16,4657359;;;;;;
3;25,97;12,49306144;;;;;;
4;59,11;13,93147181;;;;;;
5;17,55;15,04718956;;;;;;
6;12,38;15,95879735;;;;;;
7;23,57;20,72955075;;;;;;
8;37,67;20,39720771;;;;;;
9;41,05;25,98612289;;;;;;
10;16,54;25,51292546;;;;;;
11;32,39;25,98947636;;;;;;
12;12,78;27,42453325;;;;;;
13;27,12;21,82474679;;;;;;
14;25,94;24,19528665;;;;;;
15;20,03;27,54025101;;;;;;
16;50,56;23,86294361;;;;;;
17;25,56;27,16606672;;;;;;
18;24,19;23,45185879;;;;;;
19;30,96;28,7221949;;;;;;
20;35,64;29,97866137;;;;;;
21;20,13;20,22261219;;;;;;
22;51,69;26,45521227;;;;;;
23;34,18;25,67747108;;;;;;
24;30,21;25,89026915;;;;;;
25;50,15;23,09437912;;;;;;
26;15,48;25,29048269;;;;;;
27;15,59;30,47918433;;;;;;
28;23,88;22,66102255;;;;;;
29;13,86;26,83647915;;;;;;
30;7,74;28,00598691;;;;;;
31;31,24;25,16993602;;;;;;
32;23,69;32,32867951;;;;;;
33;16,93;24,48253781;;;;;;
34;7,24;30,63180262;;;;;;
35;12,28;31,77674031;;;;;;
36;16,1;27,91759469;;;;;;
37;34,75;25,05458956;;;;;;
38;29,66;32,1879308;;;;;;
39;27,21;28,31780823;;;;;;
40;5,84;29,44439727;;;;;;
41;28,41;31,56786033;;;;;;
42;65,09;33,68834809;;;;;;
43;17,61;23,80600058;;;;;;
44;28,99;30,92094817;;;;;;
45;10,23;27,03331245;;;;;;
46;22,36;27,14320698;;;;;;
47;10,18;31,25073801;;;;;;
48;45,85;30,35600505;;;;;;
49;22,8;29,45910149;;;;;;
50;44,94;27,56011503;;;;;;
51;11,49;30,65912816;;;;;;
52;43,31;30,75621859;;;;;;
53;26,48;25,85145957;;;;;;
54;20,36;24,94492023;;;;;;
55;18,22;26,03666593;;;;;;
56;46,98;29,12675845;;;;;;
57;18,39;27,21525634;;;;;;
58;34,23;33,30221505;;;;;;
59;26,8;25,38768722;;;;;;
60;19,57;25,47172281;;;;;;
61;33,94;34,55436932;;;;;;
62;18,78;31,63567193;;;;;;
63;14,4;31,71567363;;;;;;
64;9,77;26,79441542;;;;;;
65;30,55;29,87193635;;;;;;
66;33,91;29,94827371;;;;;;
67;34,7;33,0234631;;;;;;
68;36,23;30,09753853;;;;;;
69;20,57;33,17053252;;;;;;
70;31,43;26,24247621;;;;;;
71;26,81;27,31339939;;;;;;
72;32,99;33,3833306;;;;;;
73;26,21;26,45229721;;;;;;
74;53,96;36,52032547;;;;;;
75;33,49;31,58744057;;;;;;
76;10,31;34,6536667;;;;;;
77;34,87;33,71902711;;;;;;
78;19,69;34,78354413;;;;;;
79;27,04;30,84723926;;;;;;
80;45,99;28,91013317;;;;;;
81;27,73;33,97224577;;;;;;
82;33,09;28,03359624;;;;;;
83;17,21;29,09420304;;;;;;
84;22,65;29,15408399;;;;;;
85;24,31;31,21325628;;;;;;
86;24,94;28,27173648;;;;;;
87;31,72;29,32954059;;;;;;
88;38,55;30,38668407;;;;;;
89;37,39;29,44318185;;;;;;
90;9,54;37,49904835;;;;;;
91;32,85;28,55429753;;;;;;
92;47,58;28,60894289;;;;;;
93;15,93;28,66299747;;;;;;
94;12,28;36,71647391;;;;;;
95;11,48;27,76938446;;;;;;
96;21,66;31,82174096;;;;;;
97;28,07;35,87355489;;;;;;
98;15,58;28,92483739;;;;;;
99;44,08;28,97559925;;;;;;
100;43,88;36,02585093;;;;;;
101;14,61;33,07560258;;;;;;
102;19,32;34,12486407;;;;;;
103;16,85;30,17364494;;;;;;
104;35,32;34,2219545;;;;;;
105;26,6;36,26980175;;;;;;
106;16,5;28,31719547;;;;;;
107;31,23;34,36414417;;;;;;
108;37,09;33,41065614;;;;;;
109;29,19;30,45673941;;;;;;
110;28,5;38,50240183;;;;;;
111;19,46;32,54765101;;;;;;
112;32,52;29,59249436;;;;;;
113;39,53;37,63693909;;;;;;
114;40,38;33,68099224;;;;;;
115;42,08;37,72466064;;;;;;
116;24,34;37,76795096;;;;;;
117;27,06;31,81086967;;;;;;
118;10,4;35,85342312;;;;;;
119;21,02;35,89561747;;;;;;
120;21,88;35,93745871;;;;;;
121;14,33;32,97895273;;;;;;
122;20,24;36,02010522;;;;;;
123;25,58;29,06092178;;;;;;
124;9,96;38,10140783;;;;;;
125;4,6;30,14156869;;;;;;
126;22,56;37,18140953;;;;;;
127;19,01;38,22093543;;;;;;
128;19,73;30,26015132;;;;;;
129;23,97;37,29906202;;;;;;
130;29,56;37,33767225;;;;;;
131;21,49;36,37598662;;;;;;
132;17,43;31,41400961;;;;;;
133;7,26;32,45174564;;;;;;
134;41,06;29,489199;;;;;;
135;38,18;30,52637389;;;;;;
136;9,53;33,56327443;;;;;;
137;33,01;39,59990463;;;;;;
138;65,42;39,63626843;;;;;;
139;10,95;37,67236967;;;;;;
140;12,7;35,70821211;;;;;;
141;17,12;29,74379945;;;;;;
142;8,48;36,77913529;;;;;;
143;18,34;39,81422315;;;;;;
144;27,65;39,8490665;;;;;;
145;48,78;34,88366871;;;;;;
146;43,02;29,91803311;;;;;;
147;9,18;32,95216293;;;;;;
148;19,05;35,98606137;;;;;;
149;37,48;32,01973153;;;;;;
150;3,16;31,05317647;;;;;;
151;30,75;35,08639918;;;;;;
152;51,19;37,1194026;;;;;;
153;49,55;39,15218961;;;;;;
154;33,43;33,18476301;;;;;;
155;41,03;37,21712558;;;;;;
156;16,64;33,24928004;;;;;;
157;29,73;31,28122903;;;;;;
158;13,91;34,31297517;;;;;;
159;41,21;30,34452101;;;;;;
160;19,59;34,37586908;;;;;;
161;12,99;33,40702182;;;;;;
162;22,34;32,43798168;;;;;;
163;15,14;32,468751;;;;;;
164;23,77;34,49933214;;;;;;
165;22,71;32,52972737;;;;;;
166;37,46;39,55993894;;;;;;
167;24,63;37,58996906;;;;;;
168;39,55;34,6198199;;;;;;
169;13,72;33,64949357;;;;;;
170;10,21;37,67899219;;;;;;
171;16,57;37,70831778;;;;;;
172;9,32;31,73747238;;;;;;
173;15,39;39,76645797;;;;;;
174;34,37;37,7952765;;;;;;
175;17,67;36,82392987;;;;;;
176;24,25;39,85241998;;;;;;
177;17,95;36,88074866;;;;;;
178;32,52;36,90891775;;;;;;
179;25,08;34,93692903;;;;;;
180;35,59;38,96478425;;;;;;
181;29,05;31,99248516;;;;;;
182;29,6;34,02003344;;;;;;
183;29,48;39,04743076;;;;;;
184;26,2;31,07467879;;;;;;
185;28,12;41,10177913;;;;;;
186;31,39;39,12873337;;;;;;
187;31,99;41,15554308;;;;;;
188;33,13;35,18220981;;;;;;
189;25,52;36,20873508;;;;;;
190;30,63;31,23512036;;;;;;
191;27,01;40,26136714;;;;;;
192;20,49;40,28747686;;;;;;
193;19,19;38,31345094;;;;;;
194;34,72;32,3392908;;;;;;
195;18,83;40,36499779;;;;;;
196;10,95;33,3905733;;;;;;
197;17,39;31,41601864;;;;;;
198;18,48;39,44133515;;;;;;
199;24,37;41,46652412;;;;;;
200;30,99;33,49158683;;;;;;
201;19,68;37,51652454;;;;;;
202;21,26;31,54133849;;;;;;
203;41,28;36,5660299;;;;;;
204;19,34;34,59059997;;;;;;
205;18,41;33,6150499;;;;;;
206;23,3;40,63938084;;;;;;
207;34,16;41,66359397;;;;;;
208;27,15;39,6876904;;;;;;
209;36,7;35,71167126;;;;;;
210;37,97;35,73553765;;;;;;
211;28,44;32,75929067;;;;;;
212;28,4;34,78293137;;;;;;
213;10,65;38,80646083;;;;;;
214;17,64;32,82988008;;;;;;
215;28,55;34,85319014;;;;;;
216;13,69;37,87639204;;;;;;
217;23,83;32,89948677;;;;;;
218;22,75;32,92247531;;;;;;
219;8,85;38,94535865;;;;;;
220;10,85;32,96813773;;;;;;
221;23,8;36,99081351;;;;;;
222;15,03;39,01338691;;;;;;
223;30,74;38,03585886;;;;;;
224;25,39;37,05823026;;;;;;
225;22,5;37,08050201;;;;;;
226;13,15;33,102675;;;;;;
227;28,33;42,12475009;;;;;;
228;22,17;37,14672814;;;;;;
229;10,95;35,16861002;;;;;;
230;12,24;39,19039654;;;;;;
231;28,45;36,21208855;;;;;;
232;29,04;38,23368686;;;;;;
233;10,21;38,25519227;;;;;;
234;10,6;40,27660558;;;;;;
235;34,46;42,29792757;;;;;;
236;21,38;35,31915903;;;;;;
237;29,09;33,34030071;;;;;;
238;19,17;32,36135337;;;;;;
239;42,93;35,38231776;;;;;;
240;8,32;34,40319462;;;;;;
241;45,34;37,42398467;;;;;;
242;32,16;38,44468863;;;;;;
243;20,57;42,46530722;;;;;;
244;18,7;35,48584113;;;;;;
245;33,04;32,50629105;;;;;;
246;16,19;34,52665768;;;;;;
247;15,59;38,54694168;;;;;;
248;44,85;37,56714373;;;;;;
249;21,17;35,58726448;;;;;;
250;19,63;41,60730459;;;;;;
251;20,79;39,6272647;;;;;;
252;19,59;38,64714544;;;;;;
253;13,76;39,66694744;;;;;;
254;13,81;41,68667134;;;;;;
255;24,66;39,70631773;;;;;;
256;28,26;40,72588722;;;;;;
257;16,3;32,74538042;;;;;;
258;29,64;38,76479792;;;;;;
259;34,21;34,78414031;;;;;;
260;17,17;36,80340816;;;;;;
261;20,48;36,82260204;;;;;;
262;42,21;37,84172252;;;;;;
263;30,04;34,86077016;;;;;;
264;11,13;33,87974552;;;;;;
265;37,32;40,89864913;;;;;;
266;38,97;36,91748154;;;;;;
267;24,2;34,93624329;;;;;;
268;42,88;36,9549349;;;;;;
269;26,65;34,9735569;;;;;;
270;33,19;39,99210979;;;;;;
271;18,67;39,0105941;;;;;;
272;23,18;35,02901033;;;;;;
273;11,15;34,04735898;;;;;;
274;14,66;43,06564053;;;;;;
275;26,57;37,08385549;;;;;;
276;30,55;33,10200433;;;;;;
277;18,65;41,12008753;;;;;;
278;24,62;34,13810557;;;;;;
279;23,19;39,15605891;;;;;;
280;24,84;36,17394802;;;;;;
281;34,3;36,19177335;;;;;;
282;30,51;42,20953535;;;;;;
283;14,67;33,22723449;;;;;;
284;17,79;42,24487119;;;;;;
285;23,43;35,2624459;;;;;;
286;23,02;34,27995905;;;;;;
287;13,38;40,29741108;;;;;;
288;29,77;35,3148024;;;;;;
289;32,47;36,33213344;;;;;;
290;32,33;36,34940461;;;;;;
291;32,42;34,36661634;;;;;;
292;20,62;36,38376901;;;;;;
293;26,95;37,40086305;;;;;;
294;39,19;39,41789884;;;;;;
295;17,24;43,43487678;;;;;;
296;50,34;43,45179727;;;;;;
297;33,55;43,46866069;;;;;;
298;20,55;34,48546743;;;;;;
299;56,97;34,50221787;;;;;;
300;11,47;41,51891237;;;;;;
301;29,17;35,53555132;;;;;;
302;14,65;41,55213509;;;;;;
303;26,58;39,56866403;;;;;;
304;39,29;36,58513851;;;;;;
305;10,5;40,60155888;;;;;;
306;25,22;34,61792551;;;;;;
307;25,37;36,63423874;;;;;;
308;11,82;41,65049891;;;;;;
309;24,29;40,66670638;;;;;;
310;11,83;34,68286149;;;;;;
311;13,99;40,69896456;;;;;;
312;12,37;36,71501594;;;;;;
313;16,3;40,73101595;;;;;;
314;22,02;34,74696493;;;;;;
315;20,73;34,76286319;;;;;;
316;9,7;34,77871107;;;;;;
317;31,14;36,79450887;;;;;;
318;36,92;38,81025691;;;;;;
319;25,7;34,82595551;;;;;;
320;20,9;41,84160498;;;;;;
321;46,37;39,85720562;;;;;;
322;33,34;41,87275773;;;;;;
323;34,25;38,88826162;;;;;;
324;16;38,90371758;;;;;;
325;18,72;33,91912591;;;;;;
326;32,6;33,93448691;;;;;;
327;48,88;33,94980085;;;;;;
328;57,03;40,96506804;;;;;;
329;16,2;38,98028875;;;;;;
330;41,63;34,99546327;;;;;;
331;26,76;39,01059188;;;;;;
332;19;37,02567484;;;;;;
333;32,01;44,04071245;;;;;;
334;29,04;39,05570496;;;;;;
335;9,95;41,07065266;;;;;;
336;41,16;41,0855558;;;;;;
337;24,73;38,10041465;;;;;;
338;32,71;38,11522948;;;;;;
339;17,58;40,13000054;;;;;;
340;40,45;37,14472809;;;;;;
341;32,47;37,15941239;;;;;;
342;39,87;44,17405369;;;;;;
343;14,58;43,18865224;;;;;;
344;10,42;36,20320829;;;;;;
345;20,48;35,21772209;;;;;;
346;18,79;44,23219388;;;;;;
347;15,27;41,2466239;;;;;;
348;14,52;40,2610124;;;;;;
349;20,57;44,27535961;;;;;;
350;14,94;39,28966577;;;;;;
351;21,39;42,30393112;;;;;;
352;8,95;39,31815588;;;;;;
353;21,07;35,33234028;;;;;;
354;20,24;41,34648457;;;;;;
355;8,71;42,36058895;;;;;;
356;16,23;40,37465365;;;;;;
357;23,96;42,38867891;;;;;;
358;32,91;34,40266493;;;;;;
359;19,92;38,41661194;;;;;;
360;42,08;41,43052016;;;;;;
361;5,93;36,44438979;;;;;;
362;22,59;41,45822106;;;;;;
363;28,79;38,47201417;;;;;;
364;9,33;40,48576934;;;;;;
365;19,95;38,49948677;;;;;;
366;14,7;44,51316667;;;;;;
367;26,15;44,52680924;;;;;;
368;33,34;36,54041469;;;;;;
369;17,11;41,55398322;;;;;;
370;6,62;34,56751503;;;;;;
371;11,91;37,58101031;;;;;;
372;28,72;39,59446927;;;;;;
373;10;41,6078921;;;;;;
374;25,01;34,62127899;;;;;;
375;11,17;36,63463013;;;;;;
376;17,07;38,64794572;;;;;;
377;20,35;37,66122594;;;;;;
378;27,78;42,67447098;;;;;;
379;13,37;35,68768103;;;;;;
380;49,95;35,70085626;;;;;;
381;18,51;38,71399688;;;;;;
382;28,15;36,72710304;;;;;;
383;25,53;42,74017495;;;;;;
384;20,63;37,75321276;;;;;;
385;26,37;35,76621667;;;;;;
386;26,8;40,77918685;;;;;;
387;30,28;40,79212347;;;;;;
388;39,1;42,8050267;;;;;;
389;11,46;38,81789672;;;;;;
390;19,14;34,8307337;;;;;;
391;41,09;42,8435378;;;;;;
392;11,93;44,8563092;;;;;;
393;12,96;35,86904806;;;;;;
394;43,92;43,88175455;;;;;;
395;24,92;39,89442882;;;;;;
396;9,32;34,90707106;;;;;;
397;47,51;37,9196814;;;;;;
398;26,4;40,93226003;;;;;;
399;11,63;43,94480708;;;;;;
400;22,32;37,95732274;;;;;;
401;30,17;44,96980714;;;;;;
402;18,67;34,98226044;;;;;;
403;15,49;41,99468281;;;;;;
404;29;45,00707439;;;;;;
405;10,3;44,01943534;;;;;;
406;11,53;45,0317658;;;;;;
407;18,83;44,04406593;;;;;;
408;23,13;38,05633587;;;;;;
409;29,05;39,06857578;;;;;;
410;35,37;39,0807858;;;;;;
411;26,99;37,09296607;;;;;;
412;19,7;40,10511675;;;;;;
413;5,62;36,11723796;;;;;;
414;8,62;45,12932987;;;;;;
415;7,09;36,1413926;;;;;;
416;13,2;45,1534263;;;;;;
417;22,49;35,16543111;;;;;;
418;17,52;37,17740716;;;;;;
419;11,59;41,1893546;;;;;;
420;16,97;37,20127356;;;;;;
421;30,34;41,21316417;;;;;;
422;29,88;41,22502657;;;;;;
423;18,6;45,2368609;;;;;;
424;25,92;38,24866728;;;;;;
425;16,71;38,26044584;;;;;;
426;13,86;41,27219673;;;;;;
427;5,68;35,28392007;;;;;;
428;10,58;41,29561598;;;;;;
429;29,25;44,30728459;;;;;;
430;34,52;45,31892604;;;;;;
431;20,95;42,33054045;;;;;;
432;22,91;45,34212794;;;;;;
433;32,37;39,35368864;;;;;;
434;39,27;36,36522267;;;;;;
435;19,52;39,37673016;;;;;;
436;15,4;40,38821122;;;;;;
437;23,14;45,39966598;;;;;;
438;19,19;37,41109455;;;;;;
439;40,74;40,42249707;;;;;;
440;22,66;42,43387363;;;;;;
441;21,97;38,44522438;;;;;;
442;28,56;35,45654941;;;;;;
443;28,29;43,46784885;;;;;;
444;20,94;43,47912281;;;;;;
445;30,61;37,49037141;;;;;;
446;17,55;39,50159476;;;;;;
447;11,68;38,51279297;;;;;;
448;25,7;35,52396616;;;;;;
449;14,31;41,53511444;;;;;;
450;8,32;38,54623791;;;;;;
451;13,62;38,5573367;;;;;;
452;30,14;42,5684109;;;;;;
453;28,8;37,57946063;;;;;;
454;26,09;45,59048599;;;;;;
455;12,49;35,60148709;;;;;;
456;10,38;44,61246405;;;;;;
457;17,16;44,62341695;;;;;;
458;21,19;35,63434592;;;;;;
459;18,53;43,64525105;;;;;;
460;31,72;42,65613245;;;;;;
461;21,46;37,66699021;;;;;;
462;9,31;43,67782446;;;;;;
463;26,81;35,68863527;;;;;;
464;14,46;41,69942276;;;;;;
465;19,39;41,71018703;;;;;;
466;15,94;42,72092817;;;;;;
467;9,22;43,73164629;;;;;;
468;14,19;40,74234148;;;;;;
469;24,61;43,75301384;;;;;;
470;29,48;43,76366347;;;;;;
471;22,39;37,77429047;;;;;;
472;28,52;36,78489493;;;;;;
473;32,41;41,79547694;;;;;;
474;29,77;36,80603661;;;;;;
475;5,46;44,81657402;;;;;;
476;11,33;45,82708927;;;;;;
477;15,86;40,83758245;;;;;;
478;15,1;40,84805366;;;;;;
479;14,46;41,85850299;;;;;;
480;29,37;35,86893052;;;;;;
481;28,24;40,87933635;;;;;;
482;51,79;40,88972057;;;;;;
483;14,07;39,90008327;;;;;;
484;27,37;38,91042453;;;;;;
485;34,15;36,92074445;;;;;;
486;38,6;40,93104312;;;;;;
487;20,51;37,94132062;;;;;;
488;11,36;45,95157703;;;;;;
489;17,88;35,96181245;;;;;;
490;23,74;43,97202696;;;;;;
491;14,39;38,98222064;;;;;;
492;33,56;44,99239358;;;;;;
493;18,83;42,00254587;;;;;;
494;14,34;43,01267759;;;;;;
495;14,89;38,02278881;;;;;;
496;29,25;36,03287963;;;;;;
497;22,59;46,04295013;;;;;;
498;19,34;45,05300039;;;;;;
499;36,18;41,06303048;;;;;;
500;24,32;45,07304049;;;;;;
501;35,78;42,08303051;;;;;;
502;10,96;38,0930006;;;;;;
503;56,52;37,10295085;;;;;;
504;14,92;38,11288134;;;;;;
505;29,02;46,12279215;;;;;;
506;13;42,13268335;;;;;;
507;18,2;40,14255502;;;;;;
508;24,83;43,15240724;;;;;;
509;22,68;37,16224008;;;;;;
510;25,33;46,17205363;;;;;;
511;19,38;40,18184795;;;;;;
512;44,8;41,19162313;;;;;;
513;19,6;38,20137923;;;;;;
514;20,86;38,21111633;;;;;;
515;24;46,2208345;;;;;;
516;14,12;40,23053383;;;;;;
517;41,99;43,24021437;;;;;;
518;18,74;36,24987621;;;;;;
519;31,55;37,25951942;;;;;;
520;48,62;46,26914406;;;;;;
521;23,31;43,27875021;;;;;;
522;9,9;43,28833794;;;;;;
523;15,15;37,29790732;;;;;;
524;34,8;43,30745842;;;;;;
525;16,6;36,31699131;;;;;;
526;9,48;38,32650606;;;;;;
527;23,64;44,33600274;;;;;;
528;26,86;36,34548142;;;;;;
529;12,31;38,35494216;;;;;;
530;22,64;41,36438503;;;;;;
531;11,36;42,37381011;;;;;;
532;20,98;38,38321745;;;;;;
533;24,98;41,39260712;;;;;;
534;28,57;36,40197919;;;;;;
535;16,63;42,41133373;;;;;;
536;44,04;44,42067081;;;;;;
537;8,48;43,42999047;;;;;;
538;21,5;37,4392928;;;;;;
539;17,47;46,44857785;;;;;;
540;18,11;45,4578457;;;;;;
541;25,96;39,46709639;;;;;;
542;20,01;45,47633001;;;;;;
543;13;44,4855466;;;;;;
544;27,58;39,49474623;;;;;;
545;20,97;38,50392897;;;;;;
546;24,55;38,51309488;;;;;;
547;20,77;41,52224401;;;;;;
548;22,71;42,53137643;;;;;;
549;33,79;41,54049221;;;;;;
550;15,92;43,54959139;;;;;;
551;34,32;46,55867405;;;;;;
552;16,96;39,56774023;;;;;;
553;38,68;38,57679001;;;;;;
554;24,26;40,58582343;;;;;;
555;36,86;36,59484057;;;;;;
556;44,86;43,60384147;;;;;;
557;37,3;40,6128262;;;;;;
558;44,9;43,62179481;;;;;;
559;30,3;46,63074737;;;;;;
560;33,57;38,63968392;;;;;;
561;39,67;46,64860453;;;;;;
562;19,64;39,65750925;;;;;;
563;34,68;43,66639814;;;;;;
564;27,36;46,67527126;;;;;;
565;30,02;41,68412866;;;;;;
566;19,01;36,69297039;;;;;;
567;23,96;38,70179652;;;;;;
568;30,06;44,71060709;;;;;;
569;14,01;37,71940217;;;;;;
570;40,64;40,7281818;;;;;;
571;10,3;38,73694605;;;;;;
572;43,69;45,74569496;;;;;;
573;42,16;37,75442858;;;;;;
574;10,71;38,76314698;;;;;;
575;20,28;44,7718502;;;;;;
576;17,54;38,7805383;;;;;;
577;30,68;40,78921133;;;;;;
578;8,82;40,79786934;;;;;;
579;19,47;40,80651239;;;;;;
580;67,6;44,81514052;;;;;;
581;28,95;37,82375378;;;;;;
582;33,56;38,83235224;;;;;;
583;26;46,84093593;;;;;;
584;27,53;44,84950491;;;;;;
585;12,73;37,85805924;;;;;;
586;27,21;45,86659895;;;;;;
587;7,09;38,8751241;;;;;;
588;18,13;39,88363474;;;;;;
589;8,29;42,89213092;;;;;;
590;49,56;43,90061268;;;;;;
591;32,1;41,90908009;;;;;;
592;13,05;37,91753317;;;;;;
593;40,34;43,92597199;;;;;;
594;29,55;36,9343966;;;;;;
595;16,29;38,94280703;;;;;;
596;41,83;40,95120334;;;;;;
597;10,98;42,95958557;;;;;;
598;22,5;39,96795377;;;;;;
599;57,78;37,97630799;;;;;;
600;28,02;45,98464828;;;;;;
601;36,17;38,99297467;;;;;;
602;23,82;37,00128723;;;;;;
603;32,03;40,00958598;;;;;;
604;32,8;44,01787099;;;;;;
605;12,2;37,02614229;;;;;;
606;24,23;44,03439993;;;;;;
607;25,24;41,04264396;;;;;;
608;30,63;42,05087441;;;;;;
609;26,15;41,05909134;;;;;;
610;21,03;47,06729479;;;;;;
611;30,49;41,0754848;;;;;;
612;3,23;42,08366141;;;;;;
613;17,74;43,09182468;;;;;;
614;26,67;41,09997464;;;;;;
615;20,48;40,10811134;;;;;;
616;40,57;39,11623482;;;;;;
617;32,2;41,12434512;;;;;;
618;12,22;39,13244229;;;;;;
619;16,58;41,14052636;;;;;;
620;20,03;43,14859739;;;;;;
621;25,01;37,15665541;;;;;;
622;25,43;43,16470046;;;;;;
623;44,78;42,17273259;;;;;;
624;16,33;45,18075184;;;;;;
625;28,48;45,18875825;;;;;;
626;37,55;47,19675186;;;;;;
627;23,2;37,2047327;;;;;;
628;38,67;43,21270083;;;;;;
629;27,14;40,22065628;;;;;;
630;63,05;38,2285991;;;;;;
631;15,03;46,23652931;;;;;;
632;20,45;45,24444697;;;;;;
633;26,16;40,25235211;;;;;;
634;15,54;39,26024477;;;;;;
635;21,94;46,26812499;;;;;;
636;34,9;43,27599282;;;;;;
637;19,4;42,28384828;;;;;;
638;20,51;45,29169142;;;;;;
639;21,16;41,29952227;;;;;;
640;30,06;44,30734088;;;;;;
641;16,74;41,31514728;;;;;;
642;26,2;38,32294152;;;;;;
643;22,71;46,33072362;;;;;;
644;23,35;44,33849363;;;;;;
645;17,9;37,34625158;;;;;;
646;35,58;41,35399752;;;;;;
647;17,18;41,36173147;;;;;;
648;54,2;44,36945348;;;;;;
649;34,59;37,37716358;;;;;;
650;34,27;42,38486181;;;;;;
651;28,98;46,39254821;;;;;;
652;11,95;46,40022281;;;;;;
653;13,97;45,40788565;;;;;;
654;22,5;45,41553676;;;;;;
655;30,11;38,42317618;;;;;;
656;22,15;44,43080394;;;;;;
657;24,65;40,43842009;;;;;;
658;16,77;43,44602466;;;;;;
659;40,79;38,45361767;;;;;;
660;24,96;38,46119918;;;;;;
661;14,02;41,4687692;;;;;;
662;32,08;46,47632778;;;;;;
663;32,17;43,48387495;;;;;;
664;16,54;46,49141075;;;;;;
665;17,3;45,4989352;;;;;;
666;23,96;41,50644835;;;;;;
667;22,71;45,51395023;;;;;;
668;20,46;44,52144087;;;;;;
669;10,26;37,5289203;;;;;;
670;15,16;45,53638856;;;;;;
671;28,4;37,54384568;;;;;;
672;28,2;39,5512917;;;;;;
673;23,51;44,55872665;;;;;;
674;24,69;40,56615055;;;;;;
675;29,87;40,57356345;;;;;;
676;12,61;42,58096538;;;;;;
677;19,15;47,58835636;;;;;;
678;19,03;39,59573644;;;;;;
679;40,06;47,60310564;;;;;;
680;15,39;41,61046399;;;;;;
681;35,8;38,61781153;;;;;;
682;10,04;41,62514829;;;;;;
683;42,98;40,6324743;;;;;;
684;8,4;45,63978959;;;;;;
685;50,94;41,64709419;;;;;;
686;41,94;46,65438814;;;;;;
687;28,08;44,66167146;;;;;;
688;21,54;47,66894419;;;;;;
689;5,96;37,67620636;;;;;;
690;34,9;47,68345799;;;;;;
691;16,63;42,69069912;;;;;;
692;18,93;38,69792978;;;;;;
693;13,93;40,70515;;;;;;
694;20,48;38,7123598;;;;;;
695;29,4;39,71955923;;;;;;
696;48,53;40,7267483;;;;;;
697;38,01;37,73392705;;;;;;
698;20,14;39,74109551;;;;;;
699;28,69;47,74825371;;;;;;
700;24,9;38,75540168;;;;;;
701;38,04;38,76253944;;;;;;
702;9,35;42,76966702;;;;;;
703;17,56;46,77678446;;;;;;
704;18,91;40,78389178;;;;;;
705;38,73;45,79098901;;;;;;
706;20,91;46,79807619;;;;;;
707;30,99;44,80515333;;;;;;
708;31,47;43,81222047;;;;;;
709;19,19;45,81927763;;;;;;
710;21,44;45,82632485;;;;;;
711;25,84;37,83336215;;;;;;
712;22,1;41,84038956;;;;;;
713;21,81;44,8474071;;;;;;
714;30,2;38,85441481;;;;;;
715;35,64;42,86141271;;;;;;
716;35,89;42,86840083;;;;;;
717;41,41;38,8753792;;;;;;
718;9,87;40,88234785;;;;;;
719;34,16;37,88930679;;;;;;
720;27,38;47,89625606;;;;;;
721;25,7;42,90319569;;;;;;
722;31,19;37,91012569;;;;;;
723;10,09;45,91704611;;;;;;
724;19,39;40,92395696;;;;;;
725;13,26;43,93085827;;;;;;
726;15,14;43,93775007;;;;;;
727;52,05;45,94463239;;;;;;
728;23,21;44,95150524;;;;;;
729;45,97;41,95836866;;;;;;
730;8,56;43,96522267;;;;;;
731;13,83;43,9720673;;;;;;
732;31,24;46,97890257;;;;;;
733;24,98;40,98572851;;;;;;
734;14,92;38,99254514;;;;;;
735;12,96;41,9993525;;;;;;
736;36,26;40,00615059;;;;;;
737;18,33;44,01293946;;;;;;
738;19,8;46,01971912;;;;;;
739;37,01;44,0264896;;;;;;
740;30,93;42,03325093;;;;;;
741;12,38;48,04000313;;;;;;
742;38,44;42,04674622;;;;;;
743;32,89;44,05348022;;;;;;
744;16,09;48,06020517;;;;;;
745;16,29;43,06692109;;;;;;
746;29,02;41,073628;;;;;;
747;23,53;39,08032593;;;;;;
748;16,51;44,08701489;;;;;;
749;30,36;46,09369492;;;;;;
750;11,88;46,10036603;;;;;;
751;13,28;40,10702826;;;;;;
752;24,27;46,11368162;;;;;;
753;31,68;41,12032614;;;;;;
754;12,87;47,12696184;;;;;;
755;40,27;47,13358875;;;;;;
756;13,28;40,14020688;;;;;;
757;27,99;42,14681627;;;;;;
758;43,84;42,15341693;;;;;;
759;29,53;46,16000889;;;;;;
760;14,44;45,16659217;;;;;;
761;48,39;43,17316679;;;;;;
762;35,9;44,17973278;;;;;;
763;18,12;40,18629016;;;;;;
764;26,46;41,19283895;;;;;;
765;22,63;43,19937917;;;;;;
766;17,4;41,20591085;;;;;;
767;19,48;45,21243401;;;;;;
768;12,55;39,21894867;;;;;;
769;55,37;43,22545485;;;;;;
770;14,45;39,23195257;;;;;;
771;14,21;42,23844187;;;;;;
772;23,67;46,24492275;;;;;;
773;24,17;48,25139524;;;;;;
774;14,7;40,25785937;;;;;;
775;23;42,26431515;;;;;;
776;21,91;48,2707626;;;;;;
777;17,46;46,27720175;;;;;;
778;30,62;47,28363262;;;;;;
779;42,09;44,29005523;;;;;;
780;18,21;43,2964696;;;;;;
781;27,66;44,30287575;;;;;;
782;17,38;45,3092737;;;;;;
783;23,62;46,31566348;;;;;;
784;20,06;46,3220451;;;;;;
785;16,81;48,32841859;;;;;;
786;48,99;46,33478396;;;;;;
787;28,83;45,34114124;;;;;;
788;36,81;39,34749045;;;;;;
789;10,98;44,3538316;;;;;;
790;37,28;42,36016473;;;;;;
791;9,6;45,36648984;;;;;;
792;18,64;46,37280696;;;;;;
793;29,81;48,37911611;;;;;;
794;29,87;44,38541731;;;;;;
795;22,06;44,39171057;;;;;;
796;6,94;47,39799593;;;;;;
797;9,63;44,40427339;;;;;;
798;21,11;44,41054299;;;;;;
799;21,6;40,41680473;;;;;;
800;30,4;47,42305864;;;;;;
801;38,21;44,42930474;;;;;;
802;31,61;41,43554304;;;;;;
803;21,74;45,44177357;;;;;;
804;15,68;47,44799635;;;;;;
805;36,02;39,45421139;;;;;;
806;28,76;38,46041871;;;;;;
807;43,64;42,46661834;;;;;;
808;48,08;40,47281029;;;;;;
809;28,18;42,47899459;;;;;;
810;24,98;38,48517124;;;;;;
811;27,79;38,49134027;;;;;;
812;14,63;48,4975017;;;;;;
813;15,82;38,50365555;;;;;;
814;16,63;41,50980183;;;;;;
815;15,66;46,51594057;;;;;;
816;9,61;43,52207177;;;;;;
817;36,82;39,52819547;;;;;;
818;52,75;39,53431168;;;;;;
819;37,59;40,54042042;;;;;;
820;49,03;41,5465217;;;;;;
821;26,39;41,55261555;;;;;;
822;17,33;47,55870198;;;;;;
823;42,25;41,564781;;;;;;
824;30,62;44,57085265;;;;;;
825;31,78;46,57691693;;;;;;
826;62,75;41,58297387;;;;;;
827;33,18;47,58902348;;;;;;
828;19,8;42,59506577;;;;;;
829;32,56;44,60110078;;;;;;
830;16,73;44,6071285;;;;;;
831;29,92;42,61314897;;;;;;
832;39,05;40,6191622;;;;;;
833;15,43;39,62516821;;;;;;
834;43,19;46,63116701;;;;;;
835;9,29;38,63715862;;;;;;
836;18,44;47,64314307;;;;;;
837;16,44;43,64912035;;;;;;
838;34,36;42,6550905;;;;;;
839;21,6;47,66105353;;;;;;
840;22,43;38,66700946;;;;;;
841;29,28;39,6729583;;;;;;
842;13,82;39,67890007;;;;;;
843;25,04;43,68483479;;;;;;
844;25,55;41,69076247;;;;;;
845;40,54;42,69668314;;;;;;
846;39,29;45,7025968;;;;;;
847;56,6;44,70850347;;;;;;
848;14,83;39,71440318;;;;;;
849;14,21;48,72029593;;;;;;
850;22,87;39,72618175;;;;;;
851;43,64;42,73206064;;;;;;
852;26,01;40,73793263;;;;;;
853;6,98;44,74379774;;;;;;
854;14,67;40,74965597;;;;;;
855;22,26;48,75550734;;;;;;
856;20,03;44,76135188;;;;;;
857;55,12;40,76718959;;;;;;
858;4,36;41,7730205;;;;;;
859;22,4;47,77884461;;;;;;
860;23,17;40,78466195;;;;;;
861;40,73;38,79047252;;;;;;
862;25,52;42,79627635;;;;;;
863;18,93;41,80207346;;;;;;
864;7,97;43,80786384;;;;;;
865;33,19;42,81364753;;;;;;
866;39,72;38,81942454;;;;;;
867;25,76;42,82519488;;;;;;
868;41,2;45,83095857;;;;;;
869;17,99;38,83671563;;;;;;
870;16,64;38,84246606;;;;;;
871;24,64;46,84820988;;;;;;
872;22,95;41,85394712;;;;;;
873;26,54;39,85967778;;;;;;
874;38,7;42,86540188;;;;;;
875;33,34;39,87111943;;;;;;
876;15,35;46,87683045;;;;;;
877;29;48,88253496;;;;;;
878;36,77;48,88823297;;;;;;
879;30,41;45,89392449;;;;;;
880;14,8;47,89960954;;;;;;
881;24,82;47,90528813;;;;;;
882;13,94;48,91096028;;;;;;
883;27,65;38,916626;;;;;;
884;14,16;44,92228531;;;;;;
885;25,23;46,92793823;;;;;;
886;11,35;38,93358475;;;;;;
887;25,94;46,93922491;;;;;;
888;11,77;38,94485871;;;;;;
889;21,98;46,95048618;;;;;;
890;24,9;46,95610731;;;;;;
891;52,3;39,96172214;;;;;;
892;43,42;45,96733066;;;;;;
893;55,02;45,9729329;;;;;;
894;15,25;44,97852888;;;;;;
895;20,67;42,98411859;;;;;;
896;40,58;41,98970206;;;;;;
897;22,71;46,99527931;;;;;;
898;9,12;45,00085034;;;;;;
899;46,95;42,00641517;;;;;;
900;72,26;44,01197382;;;;;;
901;14,74;42,01752629;;;;;;
902;54;40,0230726;;;;;;
903;10,51;45,02861277;;;;;;
904;13,51;39,0341468;;;;;;
905;20,86;43,03967472;;;;;;
906;27,21;46,04519653;;;;;;
907;42,04;48,05071225;;;;;;
908;25,41;44,05622189;;;;;;
909;30,04;46,06172547;;;;;;
910;22,31;45,067223;;;;;;
911;13,87;47,07271449;;;;;;
912;20,1;46,07819995;;;;;;
913;12,04;49,0836794;;;;;;
914;26,44;49,08915286;;;;;;
915;9,72;44,09462033;;;;;;
916;35,43;42,10008182;;;;;;
917;41,09;44,10553736;;;;;;
918;35,19;48,11098695;;;;;;
919;28,41;44,11643061;;;;;;
920;14,28;44,12186835;;;;;;
921;28,88;47,12730018;;;;;;
922;25,84;39,13272612;;;;;;
923;31,63;44,13814617;;;;;;
924;10,47;43,14356036;;;;;;
925;37,73;44,14896869;;;;;;
926;22,21;39,15437117;;;;;;
927;40,97;46,15976783;;;;;;
928;11,84;44,16515866;;;;;;
929;22,33;41,17054369;;;;;;
930;20,46;44,17592293;;;;;;
931;31,09;48,18129639;;;;;;
932;35,18;49,18666407;;;;;;
933;26,3;46,192026;;;;;;
934;57,21;44,19738219;;;;;;
935;31,79;47,20273265;;;;;;
936;24,88;49,20807738;;;;;;
937;23,68;39,21341641;;;;;;
938;16,07;45,21874975;;;;;;
939;22,56;48,2240774;;;;;;
940;45,55;39,22939938;;;;;;
941;7,67;42,2347157;;;;;;
942;28,83;41,24002637;;;;;;
943;9,65;49,24533141;;;;;;
944;34,55;44,25063083;;;;;;
945;43,93;45,25592464;;;;;;
946;31,7;42,26121285;;;;;;
947;21,96;48,26649547;;;;;;
948;20,65;43,27177251;;;;;;
949;30,87;40,27704399;;;;;;
950;29,77;49,28230992;;;;;;
951;5,35;41,28757031;;;;;;
952;12,02;39,29282517;;;;;;
953;17,51;39,29807452;;;;;;
954;9,01;42,30331836;;;;;;
955;18,51;44,3085567;;;;;;
956;14,32;46,31378957;;;;;;
957;35,73;40,31901696;;;;;;
958;48,67;48,32423889;;;;;;
959;45,59;49,32945537;;;;;;
960;27,34;49,33466642;;;;;;
961;20,47;39,33987204;;;;;;
962;29,44;40,34507225;;;;;;
963;16,66;45,35026706;;;;;;
964;23,55;47,35545647;;;;;;
965;38,55;49,36064051;;;;;;
966;20,58;44,36581917;;;;;;
967;31,56;46,37099248;;;;;;
968;15,16;48,37616044;;;;;;
969;15,16;39,38132306;;;;;;
970;28,2;40,38648036;;;;;;
971;18,01;39,39163234;;;;;;
972;11,09;40,39677902;;;;;;
973;41,2;41,40192041;;;;;;
974;18,66;45,40705652;;;;;;
975;26,81;39,41218735;;;;;;
976;17,38;48,41731293;;;;;;
977;37,01;44,42243326;;;;;;
978;17,03;49,42754835;;;;;;
979;25,56;39,43265821;;;;;;
980;13,27;42,43776286;;;;;;
981;12,93;42,4428623;;;;;;
982;17,1;42,44795654;;;;;;
983;30;49,4530456;;;;;;
984;18,38;46,45812949;;;;;;
985;19,99;48,46320821;;;;;;
986;39,97;49,46828177;;;;;;
987;12,12;42,4733502;;;;;;
988;5,27;42,47841349;;;;;;
989;39,29;44,48347166;;;;;;
990;7,11;41,48852472;;;;;;
991;33,58;48,49357267;;;;;;
992;20,17;43,49861554;;;;;;
993;16,06;48,50365332;;;;;;
994;21,3;47,50868603;;;;;;
995;25,12;43,51371369;;;;;;
996;25,6;46,51873629;;;;;;
997;25,89;48,52375385;;;;;;
998;57,45;49,52876638;;;;;;
999;37,57;48,53377389;;;;;;
1000;9,21;47,53877639;;;;;;
1001;20,41;49,5437739;;;;;;
1002;14,19;44,54876641;;;;;;
1003;51,05;43,55375394;;;;;;
1004;31,59;49,5587365;;;;;;
1005;15,43;41,5637141;;;;;;
1006;40,47;44,56868675;;;;;;
1007;48,11;39,57365446;;;;;;
1008;27,43;49,57861724;;;;;;
1009;55,93;47,5835751;;;;;;
1010;26,29;39,58852805;;;;;;
1011;27,13;43,5934761;;;;;;
1012;26,53;42,59841925;;;;;;
1013;19,49;44,60335752;;;;;;
1014;17,15;46,60829092;;;;;;
1015;29,74;44,61321946;;;;;;
1016;5,51;49,61814314;;;;;;
1017;29,12;45,62306198;;;;;;
1018;25,48;49,62797599;;;;;;
1019;18,64;41,63288517;;;;;;
1020;14,98;49,63778953;;;;;;
1021;35,36;41,64268909;;;;;;
1022;28,7;45,64758385;;;;;;
1023;15,71;42,65247383;;;;;;
1024;22,19;40,65735903;;;;;;
1025;15,05;39,66223946;;;;;;
1026;48,86;47,66711513;;;;;;
1027;13,27;40,67198605;;;;;;
1028;42,78;44,67685223;;;;;;
1029;26,23;43,68171368;;;;;;
1030;28,18;43,68657041;;;;;;
1031;30,77;49,69142242;;;;;;
1032;12,08;48,69626973;;;;;;
1033;18,25;48,70111235;;;;;;
1034;19,72;41,70595028;;;;;;
1035;20,31;39,71078353;;;;;;
1036;25,27;39,71561211;;;;;;
1037;8,53;41,72043604;;;;;;
1038;20,36;48,72525532;;;;;;
1039;14,91;43,73006996;;;;;;
1040;31,14;42,73487996;;;;;;
1041;32,14;47,73968534;;;;;;
1042;18,23;43,74448611;;;;;;
1043;26,4;44,74928228;;;;;;
1044;30,56;49,75407384;;;;;;
1045;29,8;43,75886082;;;;;;
1046;12,72;44,76364322;;;;;;
1047;27,42;45,76842105;;;;;;
1048;35,04;49,77319432;;;;;;
1049;19,48;45,77796304;;;;;;
1050;35,13;45,78272722;;;;;;
1051;47,59;48,78748685;;;;;;
1052;18,3;42,79224197;;;;;;
1053;21,27;43,79699256;;;;;;
1054;11,44;45,80173865;;;;;;
1055;35,23;47,80648023;;;;;;
1056;28,21;40,81121732;;;;;;
1057;23,26;41,81594993;;;;;;
1058;36,96;46,82067806;;;;;;
1059;25,63;46,82540173;;;;;;
1060;18,79;43,83012094;;;;;;
1061;30,82;43,83483569;;;;;;
1062;27,15;39,83954601;;;;;;
1063;15,98;45,84425189;;;;;;
1064;25,51;45,84895335;;;;;;
1065;14,56;41,85365039;;;;;;
1066;30,19;43,85834302;;;;;;
1067;22,34;41,86303126;;;;;;
1068;8,25;39,8677151;;;;;;
1069;7,92;41,87239456;;;;;;
1070;11,37;48,87706964;;;;;;
1071;10,77;47,88174035;;;;;;
1072;15,73;43,88640671;;;;;;
1073;34,19;43,89106871;;;;;;
1074;21,43;39,89572638;;;;;;
1075;19,32;40,9003797;;;;;;
1076;26,99;41,9050287;;;;;;
1077;20,13;45,90967339;;;;;;
1078;35,4;48,91431376;;;;;;
1079;39,16;40,91894983;;;;;;
1080;27,03;49,9235816;;;;;;
1081;8,27;49,92820909;;;;;;
1082;10,51;45,9328323;;;;;;
1083;25,07;49,93745124;;;;;;
1084;10,31;41,94206591;;;;;;
1085;11,73;49,94667633;;;;;;
1086;20,63;43,9512825;;;;;;
1087;25,02;46,95588444;;;;;;
1088;40,25;44,96048214;;;;;;
1089;22,52;39,96507561;;;;;;
1090;25,61;47,96966488;;;;;;
1091;23,21;41,97424993;;;;;;
1092;12,23;43,97883078;;;;;;
1093;22,49;47,98340744;;;;;;
1094;20,79;48,98797991;;;;;;
1095;54,82;42,99254821;;;;;;
1096;49,53;41,99711234;;;;;;
1097;20,65;40,0016723;;;;;;
1098;39,07;44,00622811;;;;;;
1099;40,99;41,01077977;;;;;;
1100;10,8;46,01532729;;;;;;
1101;21,91;48,01987068;;;;;;
1102;45,18;45,02440995;;;;;;
1103;14,61;50,0289451;;;;;;
1104;11;48,03347613;;;;;;
1105;18,76;47,03800307;;;;;;
1106;22,39;44,04252591;;;;;;
1107;35,94;46,04704466;;;;;;
1108;25,55;42,05155934;;;;;;
1109;32,81;45,05606994;;;;;;
1110;21,36;41,06057647;;;;;;
1111;36,72;41,06507895;;;;;;
1112;12,96;48,06957737;;;;;;
1113;28,1;50,07407176;;;;;;
1114;22,09;48,0785621;;;;;;
1115;22,11;43,08304842;;;;;;
1116;13,08;40,08753071;;;;;;
1117;18,26;49,092009;;;;;;
1118;10,76;45,09648327;;;;;;
1119;21,25;40,10095354;;;;;;
1120;6,9;43,10541982;;;;;;
1121;52,15;46,10988212;;;;;;
1122;46,1;48,11434043;;;;;;
1123;14,88;48,11879477;;;;;;
1124;14,89;50,12324515;;;;;;
1125;7,03;44,12769157;;;;;;
1126;56,89;49,13213404;;;;;;
1127;20,91;45,13657257;;;;;;
1128;22,24;44,14100716;;;;;;
1129;13,64;44,14543782;;;;;;
1130;15,76;43,14986456;;;;;;
1131;42,84;44,15428738;;;;;;
1132;6,64;45,15870629;;;;;;
1133;12,25;45,16312131;;;;;;
1134;23,03;47,16753242;;;;;;
1135;15,01;46,17193965;;;;;;
1136;33,29;40,176343;;;;;;
1137;17,55;47,18074247;;;;;;
1138;38,25;42,18513807;;;;;;
1139;25,67;50,18952982;;;;;;
1140;11,05;47,19391771;;;;;;
1141;28,85;48,19830175;;;;;;
1142;17,59;46,20268195;;;;;;
1143;18,34;44,20705832;;;;;;
1144;21,94;47,21143086;;;;;;
1145;25,37;45,21579958;;;;;;
1146;31,56;48,22016449;;;;;;
1147;20,12;50,22452559;;;;;;
1148;45,77;44,22888288;;;;;;
1149;17,79;45,23323639;;;;;;
1150;21,89;45,23758611;;;;;;
1151;36,89;43,24193204;;;;;;
1152;35,13;41,24627421;;;;;;
1153;25,35;46,2506126;;;;;;
1154;18,26;43,25494724;;;;;;
1155;17,7;45,25927811;;;;;;
1156;17,41;50,26360525;;;;;;
1157;23,43;41,26792864;;;;;;
1158;66,27;43,27224829;;;;;;
1159;27,33;42,27656422;;;;;;
1160;13,28;50,28087642;;;;;;
1161;4,33;41,28518491;;;;;;
1162;29,36;40,28948969;;;;;;
1163;17,22;40,29379076;;;;;;
1164;13,75;48,29808814;;;;;;
1165;29,12;43,30238183;;;;;;
1166;14,3;50,30667183;;;;;;
1167;21,79;46,31095816;;;;;;
1168;34,27;44,31524082;;;;;;
1169;22,18;46,31951981;;;;;;
1170;18,08;43,32379514;;;;;;
1171;56,36;46,32806682;;;;;;
1172;28,07;50,33233485;;;;;;
1173;31,49;43,33659924;;;;;;
1174;33,17;46,34086;;;;;;
1175;24,78;48,34511713;;;;;;
1176;19,89;50,34937064;;;;;;
1177;12,26;42,35362054;;;;;;
1178;27,76;47,35786682;;;;;;
1179;22,72;49,3621095;;;;;;
1180;27,53;49,36634859;;;;;;
1181;33,56;48,37058408;;;;;;
1182;27,4;44,37481599;;;;;;
1183;14,86;40,37904432;;;;;;
1184;41,98;47,38326908;;;;;;
1185;15,28;43,38749027;;;;;;
1186;19,2;47,3917079;;;;;;
1187;38,77;45,39592197;;;;;;
1188;18,92;42,4001325;;;;;;
1189;27,02;46,40433948;;;;;;
1190;17,13;42,40854293;;;;;;
1191;20,91;49,41274285;;;;;;
1192;28,76;49,41693924;;;;;;
1193;32,99;46,42113211;;;;;;
1194;7,45;48,42532147;;;;;;
1195;25,91;42,42950732;;;;;;
1196;15,74;47,43368967;;;;;;
1197;11,8;44,43786853;;;;;;
1198;20,29;42,44204389;;;;;;
1199;28,45;43,44621578;;;;;;
1200;14,1;47,45038418;;;;;;
1201;20,98;46,45454911;;;;;;
1202;18,19;46,45871058;;;;;;
1203;39,71;50,46286858;;;;;;
1204;28,55;47,46702313;;;;;;
1205;11,77;50,47117423;;;;;;
1206;37,33;45,47532189;;;;;;
1207;28,6;49,47946611;;;;;;
1208;25,66;43,48360689;;;;;;
1209;49,62;40,48774425;;;;;;
1210;19,26;50,49187819;;;;;;
1211;24,25;42,49600872;;;;;;
1212;4,5;40,50013583;;;;;;
1213;18,4;44,50425954;;;;;;
1214;27,18;43,50837986;;;;;;
1215;25,41;45,51249678;;;;;;
1216;38,18;45,51661031;;;;;;
1217;28,56;46,52072046;;;;;;
1218;23,26;47,52482724;;;;;;
1219;25,27;42,52893065;;;;;;
1220;8,99;42,53303069;;;;;;
1221;20,63;49,53712737;;;;;;
1222;55,32;43,5412207;;;;;;
1223;18,37;41,54531068;;;;;;
1224;32,47;44,54939732;;;;;;
1225;22,47;50,55348061;;;;;;
1226;76,5;40,55756058;;;;;;
1227;12,53;43,56163722;;;;;;
1228;19,52;45,56571054;;;;;;
1229;25,65;45,56978055;;;;;;
1230;18,55;43,57384724;;;;;;
1231;5,16;45,57791063;;;;;;
1232;14,64;45,58197072;;;;;;
1233;19,61;48,58602752;;;;;;
1234;40,25;43,59008102;;;;;;
1235;32,27;41,59413125;;;;;;
1236;35,42;43,59817819;;;;;;
1237;11,56;48,60222186;;;;;;
1238;27,94;45,60626227;;;;;;
1239;10;50,61029941;;;;;;
1240;22,13;44,61433329;;;;;;
1241;32,88;44,61836393;;;;;;
1242;26,9;47,62239131;;;;;;
1243;6,79;45,62641546;;;;;;
1244;14,69;47,63043637;;;;;;
1245;43,95;46,63445404;;;;;;
1246;23,07;49,6384685;;;;;;
1247;19,55;45,64247973;;;;;;
1248;18,92;40,64648774;;;;;;
1249;9,46;40,65049255;;;;;;
1250;25,98;45,65449415;;;;;;
1251;17,45;40,65849255;;;;;;
1252;18,54;46,66248776;;;;;;
1253;23,54;44,66647977;;;;;;
1254;6,74;47,67046861;;;;;;
1255;40,75;42,67445426;;;;;;
1256;21,18;45,67843674;;;;;;
1257;44,78;43,68241604;;;;;;
1258;6,85;47,68639219;;;;;;
1259;28,22;49,69036517;;;;;;
1260;17,71;40,694335;;;;;;
1261;33,47;46,69830168;;;;;;
1262;39,69;42,70226522;;;;;;
1263;23,65;40,70622561;;;;;;
1264;25,9;41,71018287;;;;;;
1265;11,95;41,71413701;;;;;;
1266;32,8;50,71808801;;;;;;
1267;19,42;49,7220359;;;;;;
1268;24,73;47,72598067;;;;;;
1269;37,86;42,72992234;;;;;;
1270;37,08;46,7338609;;;;;;
1271;35,4;42,73779636;;;;;;
1272;31,15;45,74172872;;;;;;
1273;41,32;43,74565799;;;;;;
1274;13,49;50,74958418;;;;;;
1275;18,77;47,75350729;;;;;;
1276;13,87;43,75742732;;;;;;
1277;19,41;43,76134428;;;;;;
1278;25,61;41,76525817;;;;;;
1279;7,7;48,76916901;;;;;;
1280;18,01;41,77307678;;;;;;
1281;10,96;46,77698151;;;;;;
1282;24,67;47,78088319;;;;;;
1283;14,78;46,78478182;;;;;;
1284;23,54;40,78867742;;;;;;
1285;8,7;44,79256999;;;;;;
1286;14,37;45,79645952;;;;;;
1287;19,66;44,80034604;;;;;;
1288;20,43;49,80422953;;;;;;
1289;15,04;40,80811001;;;;;;
1290;29,35;45,81198749;;;;;;
1291;24,29;46,81586195;;;;;;
1292;19,1;50,81973342;;;;;;
1293;19,18;48,82360189;;;;;;
1294;18,9;45,82746738;;;;;;
1295;8,43;49,83132987;;;;;;
1296;21,68;41,83518938;;;;;;
1297;20,65;44,83904592;;;;;;
1298;10,34;50,84289949;;;;;;
1299;26,73;47,84675008;;;;;;
1300;23,71;40,85059772;;;;;;
1301;14,38;45,85444239;;;;;;
1302;18,06;41,85828411;;;;;;
1303;9,98;45,86212289;;;;;;
1304;26,23;46,86595871;;;;;;
1305;16,69;40,8697916;;;;;;
1306;20,19;43,87362155;;;;;;
1307;14,75;42,87744857;;;;;;
1308;8,33;49,88127266;;;;;;
1309;34,31;45,88509383;;;;;;
1310;9,42;49,88891208;;;;;;
1311;57,13;48,89272742;;;;;;
1312;77,25;42,89653985;;;;;;
1313;53,47;45,90034937;;;;;;
1314;25,58;43,904156;;;;;;
1315;20,54;47,90795972;;;;;;
1316;20,9;47,91176056;;;;;;
1317;32,3;48,91555851;;;;;;
1318;7,09;41,91935358;;;;;;
1319;24,73;50,92314576;;;;;;
1320;28,69;47,92693508;;;;;;
1321;38,61;47,93072152;;;;;;
1322;33,17;41,9345051;;;;;;
1323;19,71;46,93828582;;;;;;
1324;26,79;45,94206368;;;;;;
1325;33,7;44,94583869;;;;;;
1326;26,45;43,94961085;;;;;;
1327;26,66;47,95338017;;;;;;
1328;32,55;43,95714665;;;;;;
1329;30,28;50,96091029;;;;;;
1330;16,99;50,96467111;;;;;;
1331;21,35;40,96842909;;;;;;
1332;16,26;46,97218426;;;;;;
1333;25,15;43,9759366;;;;;;
1334;30,12;43,97968613;;;;;;
1335;60,15;50,98343285;;;;;;
1336;33,69;43,98717677;;;;;;
1337;15,62;42,99091789;;;;;;
1338;32,08;47,9946562;;;;;;
1339;13,42;44,99839173;;;;;;
1340;25,93;47,00212446;;;;;;
1341;29,76;46,00585442;;;;;;
1342;15,16;42,00958159;;;;;;
1343;29,35;42,01330598;;;;;;
1344;20,34;47,01702761;;;;;;
1345;47,23;41,02074646;;;;;;
1346;26,05;41,02446255;;;;;;
1347;24,73;49,02817588;;;;;;
1348;26,76;44,03188646;;;;;;
1349;23,58;51,03559428;;;;;;
1350;13,39;51,03929936;;;;;;
1351;30,77;50,04300169;;;;;;
1352;11,93;48,04670128;;;;;;
1353;14,91;50,05039814;;;;;;
1354;33,43;47,05409227;;;;;;
1355;22,96;45,05778367;;;;;;
1356;22,74;43,06147234;;;;;;
1357;23,14;42,0651583;;;;;;
1358;18,9;48,06884154;;;;;;
1359;3,51;48,07252207;;;;;;
1360;46,2;50,07619989;;;;;;
1361;32,52;49,07987501;;;;;;
1362;26,27;43,08354743;;;;;;
1363;34,87;51,08721716;;;;;;
1364;20,27;47,09088419;;;;;;
1365;44,93;47,09454854;;;;;;
1366;28,48;44,0982102;;;;;;
1367;26,76;43,10186918;;;;;;
1368;11,71;51,10552549;;;;;;
1369;2,58;47,10917913;;;;;;
1370;32,91;51,11283009;;;;;;
1371;14,65;42,1164784;;;;;;
1372;40,53;49,12012404;;;;;;
1373;41,14;47,12376703;;;;;;
1374;27,27;41,12740736;;;;;;
1375;29,6;43,13104505;;;;;;
1376;21,88;42,13468009;;;;;;
1377;27,51;45,13831249;;;;;;
1378;58,62;47,14194226;;;;;;
1379;15,33;48,14556939;;;;;;
1380;30,41;46,14919389;;;;;;
1381;12,53;42,15281577;;;;;;
1382;30,19;51,15643502;;;;;;
1383;33,82;45,16005166;;;;;;
1384;8,6;43,16366568;;;;;;
1385;9,61;50,16727709;;;;;;
1386;22,76;45,1708859;;;;;;
1387;23,66;47,1744921;;;;;;
1388;31,58;46,17809571;;;;;;
1389;29,87;49,18169671;;;;;;
1390;39,75;47,18529513;;;;;;
1391;34,36;46,18889096;;;;;;
1392;13,3;45,1924842;;;;;;
1393;30,33;49,19607487;;;;;;
1394;22,03;43,19966296;;;;;;
1395;17,13;41,20324847;;;;;;
1396;16,86;41,20683142;;;;;;
1397;39,38;47,2104118;;;;;;
1398;33,18;51,21398961;;;;;;
1399;17,79;47,21756487;;;;;;
1400;31,09;41,22113758;;;;;;
1401;17,97;48,22470773;;;;;;
1402;29,94;48,22827534;;;;;;
1403;20,69;47,2318404;;;;;;
1404;21;45,23540292;;;;;;
1405;15,95;46,23896291;;;;;;
1406;17,5;48,24252036;;;;;;
1407;19,6;47,24607529;;;;;;
1408;16,46;49,24962768;;;;;;
1409;23,91;49,25317756;;;;;;
1410;12,42;47,25672492;;;;;;
1411;24,45;49,26026976;;;;;;
1412;9,38;45,26381209;;;;;;
1413;14,97;49,26735191;;;;;;
1414;28,47;48,27088923;;;;;;
1415;13,43;44,27442405;;;;;;
1416;8,22;47,27795637;;;;;;
1417;26,22;42,2814862;;;;;;
1418;15,6;47,28501354;;;;;;
1419;33,33;45,28853839;;;;;;
1420;35,47;41,29206075;;;;;;
1421;28,29;48,29558064;;;;;;
1422;15,98;48,29909805;;;;;;
1423;22,66;46,30261299;;;;;;
1424;15,76;44,30612546;;;;;;
1425;14,83;43,30963546;;;;;;
1426;26,29;51,313143;;;;;;
1427;33,47;41,31664809;;;;;;
1428;31,53;45,32015071;;;;;;
1429;36,82;41,32365089;;;;;;
1430;23,01;44,32714862;;;;;;
1431;47,58;47,3306439;;;;;;
1432;11,21;49,33413674;;;;;;
1433;22,4;41,33762714;;;;;;
1434;38,1;43,34111511;;;;;;
1435;13,33;41,34460064;;;;;;
1436;37,05;44,34808375;;;;;;
1437;32,86;45,35156443;;;;;;
1438;15,29;45,35504269;;;;;;
1439;29,11;49,35851853;;;;;;
1440;42,72;43,36199196;;;;;;
1441;13,39;48,36546298;;;;;;
1442;27,2;46,36893159;;;;;;
1443;13,57;41,37239779;;;;;;
1444;30,05;48,3758616;;;;;;
1445;7,63;50,379323;;;;;;
1446;29,28;46,38278201;;;;;;
1447;37,23;50,38623863;;;;;;
1448;16,75;49,38969286;;;;;;
1449;40,37;43,39314471;;;;;;
1450;37,53;45,39659418;;;;;;
1451;23,61;45,40004126;;;;;;
1452;37,17;45,40348598;;;;;;
1453;36,58;48,40692832;;;;;;
1454;22;48,41036829;;;;;;
1455;20,82;47,4138059;;;;;;
1456;31,67;49,41724114;;;;;;
1457;21,72;46,42067403;;;;;;
1458;10,08;44,42410456;;;;;;
1459;14,75;45,42753274;;;;;;
1460;12,6;45,43095857;;;;;;
1461;23,67;43,43438206;;;;;;
1462;24,7;42,4378032;;;;;;
1463;5,66;44,44122201;;;;;;
1464;12,92;42,44463847;;;;;;
1465;13,04;49,44805261;;;;;;
1466;28,98;43,45146441;;;;;;
1467;33,33;47,45487389;;;;;;
1468;41,9;41,45828105;;;;;;
1469;22,66;43,46168588;;;;;;
1470;19,76;51,4650884;;;;;;
1471;26,62;42,4684886;;;;;;
1472;30,93;42,4718865;;;;;;
1473;50,66;42,47528208;;;;;;
1474;30,26;45,47867536;;;;;;
1475;52,33;46,48206634;;;;;;
1476;23,31;50,48545503;;;;;;
1477;19,01;50,48884141;;;;;;
1478;14;45,49222551;;;;;;
1479;13,63;42,49560731;;;;;;
1480;8,2;50,49898683;;;;;;
1481;30,82;41,50236407;;;;;;
1482;28,51;41,50573903;;;;;;
1483;47,82;48,50911171;;;;;;
1484;30,53;47,51248212;;;;;;
1485;30,62;48,51585026;;;;;;
1486;35,54;44,51921613;;;;;;
1487;16,8;42,52257973;;;;;;
1488;10,36;47,52594108;;;;;;
1489;9,65;41,52930016;;;;;;
1490;10,04;43,53265699;;;;;;
1491;17,65;43,53601157;;;;;;
1492;49,76;51,5393639;;;;;;
1493;7,1;43,54271399;;;;;;
1494;13,88;50,54606183;;;;;;
1495;24,16;46,54940743;;;;;;
1496;37,72;50,55275079;;;;;;
1497;6,59;49,55609192;;;;;;
1498;17,52;43,55943082;;;;;;
1499;26,62;47,56276749;;;;;;
1500;28,02;47,56610194;;;;;;
1501;40,62;43,56943416;;;;;;
1502;29,39;47,57276416;;;;;;
1503;25,38;51,57609195;;;;;;
1504;18,65;45,57941752;;;;;;
1505;16,55;44,58274089;;;;;;
1506;28,71;51,58606204;;;;;;
1507;10,62;46,58938099;;;;;;
1508;16,35;48,59269774;;;;;;
1509;27,91;42,59601229;;;;;;
1510;21,28;43,59932465;;;;;;
1511;19,01;47,60263481;;;;;;
1512;14,23;44,60594278;;;;;;
1513;18,7;49,60924857;;;;;;
1514;34,61;51,61255217;;;;;;
1515;23,67;49,61585359;;;;;;
1516;27,46;44,61915283;;;;;;
1517;13,47;44,6224499;;;;;;
1518;19,54;51,62574479;;;;;;
1519;14,36;49,62903751;;;;;;
1520;9,26;45,63232807;;;;;;
1521;17,87;46,63561646;;;;;;
1522;16,72;51,63890269;;;;;;
1523;107,09;50,64218676;;;;;;
1524;19,22;49,64546868;;;;;;
1525;28,56;42,64874845;;;;;;
1526;26,88;50,65202606;;;;;;
1527;16,66;46,65530153;;;;;;
1528;15,7;46,65857485;;;;;;
1529;34,78;48,66184603;;;;;;
1530;19,47;44,66511507;;;;;;
1531;15,23;50,66838198;;;;;;
1532;23,25;51,67164675;;;;;;
1533;18,34;43,67490939;;;;;;
1534;23,7;42,67816991;;;;;;
1535;23,65;48,6814283;;;;;;
1536;30;42,68468457;;;;;;
1537;21,47;51,68793872;;;;;;
1538;23,34;41,69119075;;;;;;
1539;23,75;45,69444067;;;;;;
1540;37,53;42,69768848;;;;;;
1541;26,32;47,70093418;;;;;;
1542;20,84;48,70417777;;;;;;
1543;28,4;45,70741926;;;;;;
1544;24,47;47,71065865;;;;;;
1545;12,06;44,71389595;;;;;;
1546;13,29;41,71713115;;;;;;
1547;14,86;43,72036425;;;;;;
1548;15,28;44,72359527;;;;;;
1549;39,53;43,7268242;;;;;;
1550;21,12;41,73005105;;;;;;
1551;28,22;41,73327582;;;;;;
1552;15,01;48,7364985;;;;;;
1553;19,41;46,73971912;;;;;;
1554;27,1;41,74293765;;;;;;
1555;24,71;43,74615412;;;;;;
1556;35,7;42,74936852;;;;;;
1557;13,01;41,75258086;;;;;;
1558;7,75;43,75579113;;;;;;
1559;30,46;44,75899935;;;;;;
1560;14,39;46,7622055;;;;;;
1561;19,3;45,7654096;;;;;;
1562;49,93;43,76861165;;;;;;
1563;20,75;48,77181165;;;;;;
1564;11,39;49,77500961;;;;;;
1565;23,68;51,77820551;;;;;;
1566;17,58;43,78139938;;;;;;
1567;16,18;42,78459121;;;;;;
1568;17,41;42,787781;;;;;;
1569;28,95;42,79096876;;;;;;
1570;42,82;48,79415449;;;;;;
1571;29,5;44,79733819;;;;;;
1572;32,47;46,80051986;;;;;;
1573;10,42;46,80369952;;;;;;
1574;16,19;42,80687714;;;;;;
1575;36,11;45,81005276;;;;;;
1576;47,57;49,81322635;;;;;;
1577;24,57;47,81639793;;;;;;
1578;24,46;46,81956751;;;;;;
1579;34,88;46,82273507;;;;;;
1580;22,03;43,82590063;;;;;;
1581;16,71;48,82906419;;;;;;
1582;32,62;46,83222574;;;;;;
1583;29,01;48,8353853;;;;;;
1584;28,61;46,83854286;;;;;;
1585;9,14;42,84169843;;;;;;
1586;27,27;44,84485201;;;;;;
1587;13,16;43,8480036;;;;;;
1588;12,36;50,85115321;;;;;;
1589;13,88;50,85430083;;;;;;
1590;27,62;48,85744648;;;;;;
1591;19,77;43,86059014;;;;;;
1592;50,34;48,86373183;;;;;;
1593;17,21;47,86687155;;;;;;
1594;20,96;42,8700093;;;;;;
1595;20,91;46,87314508;;;;;;
1596;24,12;43,87627889;;;;;;
1597;42,73;50,87941074;;;;;;
1598;17,14;43,88254063;;;;;;
1599;40,73;50,88566856;;;;;;
1600;32,82;50,88879454;;;;;;
1601;39,5;44,89191856;;;;;;
1602;21,57;50,89504064;;;;;;
1603;43,08;50,89816076;;;;;;
1604;20,33;50,90127894;;;;;;
1605;23,04;46,90439518;;;;;;
1606;11,4;41,90750947;;;;;;
1607;11,09;49,91062183;;;;;;
1608;31,75;47,91373225;;;;;;
1609;33,79;49,91684073;;;;;;
1610;8,09;48,91994729;;;;;;
1611;34,16;44,92305192;;;;;;
1612;46,57;47,92615462;;;;;;
1613;22,16;41,92925539;;;;;;
1614;14,2;41,93235424;;;;;;
1615;13,61;50,93545118;;;;;;
1616;18,15;50,9385462;;;;;;
1617;32,76;46,9416393;;;;;;
1618;31,24;44,94473049;;;;;;
1619;18,79;42,94781977;;;;;;
1620;10,15;42,95090714;;;;;;
1621;17,16;47,95399261;;;;;;
1622;17,46;46,95707617;;;;;;
1623;16,38;45,96015784;;;;;;
1624;34,13;51,9632376;;;;;;
1625;14,95;51,96631547;;;;;;
1626;15,3;44,96939145;;;;;;
1627;65,81;46,97246554;;;;;;
1628;44,84;46,97553773;;;;;;
1629;15,19;42,97860804;;;;;;
1630;39,17;43,98167647;;;;;;
1631;28,59;45,98474301;;;;;;
1632;23,7;41,98780768;;;;;;
1633;25,43;43,99087046;;;;;;
1634;28,34;45,99393138;;;;;;
1635;44,5;48,99699042;;;;;;
1636;25,22;47,00004759;;;;;;
1637;29,16;50,00310289;;;;;;
1638;25,65;50,00615632;;;;;;
1639;18,76;43,00920789;;;;;;
1640;38,76;51,0122576;;;;;;
1641;14,83;51,01530546;;;;;;
1642;20,84;42,01835145;;;;;;
1643;24,98;52,02139559;;;;;;
1644;34,86;46,02443788;;;;;;
1645;38,11;51,02747832;;;;;;
1646;31,1;43,03051691;;;;;;
1647;38,33;47,03355365;;;;;;
1648;17,67;44,03658855;;;;;;
1649;28,7;52,03962161;;;;;;
1650;36,83;50,04265283;;;;;;
1651;11,24;45,04568222;;;;;;
1652;10,63;47,04870977;;;;;;
1653;12,83;48,05173549;;;;;;
1654;52,28;44,05475938;;;;;;
1655;15,66;50,05778144;;;;;;
1656;36,97;42,06080167;;;;;;
1657;17,72;51,06382009;;;;;;
1658;26,57;50,06683668;;;;;;
1659;29,34;50,06985145;;;;;;
1660;18,71;50,07286441;;;;;;
1661;12,56;50,07587555;;;;;;
1662;37,22;50,07888488;;;;;;
1663;39,32;47,0818924;;;;;;
1664;14,2;47,08489811;;;;;;
1665;9,19;45,08790201;;;;;;
1666;15,67;51,09090411;;;;;;
1667;27,99;50,09390441;;;;;;
1668;21,95;43,09690291;;;;;;
1669;20,04;47,09989962;;;;;;
1670;27,32;50,10289453;;;;;;
1671;20,58;48,10588764;;;;;;
1672;33,28;42,10887897;;;;;;
1673;16,38;48,1118685;;;;;;
1674;21,86;49,11485626;;;;;;
1675;14,73;46,11784222;;;;;;
1676;15,7;47,12082641;;;;;;
1677;19,07;45,12380881;;;;;;
1678;14,61;45,12678944;;;;;;
1679;27,74;51,12976829;;;;;;
1680;11,26;43,13274536;;;;;;
1681;33,33;49,13572067;;;;;;
1682;17,08;51,1386942;;;;;;
1683;27,41;51,14166597;;;;;;
1684;15,28;49,14463597;;;;;;
1685;7,56;43,14760421;;;;;;
1686;36,96;43,15057069;;;;;;
1687;10,53;44,15353541;;;;;;
1688;30,82;50,15649838;;;;;;
1689;20,42;43,15945958;;;;;;
1690;58,07;51,16241904;;;;;;
1691;15,37;42,16537674;;;;;;
1692;27,42;44,1683327;;;;;;
1693;21,32;52,17128691;;;;;;
1694;24,1;44,17423938;;;;;;
1695;62,2;50,1771901;;;;;;
1696;25,78;46,18013908;;;;;;
1697;35,65;42,18308633;;;;;;
1698;19,43;43,18603183;;;;;;
1699;43,03;42,18897561;;;;;;
1700;8,71;47,19191765;;;;;;
1701;6,06;50,19485796;;;;;;
1702;8,44;43,19779655;;;;;;
1703;16,51;46,2007334;;;;;;
1704;25,75;50,20366854;;;;;;
1705;14,64;50,20660195;;;;;;
1706;31,52;50,20953364;;;;;;
1707;26,78;51,21246361;;;;;;
1708;20,06;43,21539187;;;;;;
1709;20,32;45,21831842;;;;;;
1710;12,23;42,22124325;;;;;;
1711;27,79;47,22416637;;;;;;
1712;15,09;46,22708778;;;;;;
1713;11,45;44,23000749;;;;;;
1714;33,04;43,2329255;;;;;;
1715;5,75;45,2358418;;;;;;
1716;13,88;47,2387564;;;;;;
1717;15,38;48,2416693;;;;;;
1718;28,73;44,24458051;;;;;;
1719;35,99;43,24749003;;;;;;
1720;21,84;52,25039785;;;;;;
1721;15,24;49,25330398;;;;;;
1722;23,01;50,25620842;;;;;;
1723;10,85;48,25911118;;;;;;
1724;33,93;52,26201226;;;;;;
1725;40,83;52,26491165;;;;;;
1726;59,83;52,26780936;;;;;;
1727;34,61;42,27070539;;;;;;
1728;30,83;52,27359975;;;;;;
1729;26,83;51,27649243;;;;;;
1730;21,35;46,27938344;;;;;;
1731;29,63;42,28227278;;;;;;
1732;31,91;47,28516045;;;;;;
1733;32,5;48,28804645;;;;;;
1734;24,03;52,29093079;;;;;;
1735;29,75;50,29381346;;;;;;
1736;13,73;46,29669448;;;;;;
1737;24,58;52,29957383;;;;;;
1738;27,25;44,30245153;;;;;;
1739;9,77;45,30532757;;;;;;
1740;10,82;51,30820196;;;;;;
1741;15,3;42,3110747;;;;;;
1742;42,53;45,31394579;;;;;;
1743;22,53;47,31681523;;;;;;
1744;20,2;42,31968302;;;;;;
1745;24,53;48,32254917;;;;;;
1746;24,36;45,32541368;;;;;;
1747;22,27;52,32827655;;;;;;
1748;15,81;46,33113778;;;;;;
1749;13,63;42,33399738;;;;;;
1750;10,94;50,33685533;;;;;;
1751;38,49;48,33971166;;;;;;
1752;17,86;49,34256636;;;;;;
1753;23,34;50,34541942;;;;;;
1754;17,77;50,34827086;;;;;;
1755;16,39;43,35112068;;;;;;
1756;25,95;44,35396887;;;;;;
1757;12,94;49,35681544;;;;;;
1758;23,44;52,35966039;;;;;;
1759;30,66;42,36250372;;;;;;
1760;18,41;50,36534544;;;;;;
1761;15,49;48,36818554;;;;;;
1762;19,11;43,37102403;;;;;;
1763;39,17;50,37386091;;;;;;
1764;26,35;45,37669618;;;;;;
1765;46,49;46,37952985;;;;;;
1766;35,22;42,38236191;;;;;;
1767;30,01;44,38519236;;;;;;
1768;21,44;46,38802122;;;;;;
1769;23,06;43,39084847;;;;;;
1770;30,47;48,39367413;;;;;;
1771;10,07;45,39649819;;;;;;
1772;25,39;44,39932066;;;;;;
1773;19,27;52,40214153;;;;;;
1774;10,51;44,40496081;;;;;;
1775;22,41;51,40777851;;;;;;
1776;29,7;42,41059462;;;;;;
1777;21,97;49,41340914;;;;;;
1778;44,68;51,41622208;;;;;;
1779;18,62;42,41903344;;;;;;
1780;13,16;46,42184322;;;;;;
1781;27,29;46,42465142;;;;;;
1782;9,96;51,42745804;;;;;;
1783;52,33;42,43026309;;;;;;
1784;23,74;46,43306657;;;;;;
1785;21,91;52,43586847;;;;;;
1786;44,33;51,43866881;;;;;;
1787;15,95;43,44146758;;;;;;
1788;36,26;45,44426478;;;;;;
1789;41,47;44,44706042;;;;;;
1790;45,2;51,44985449;;;;;;
1791;20,03;46,45264701;;;;;;
1792;8,08;48,45543797;;;;;;
1793;20,74;52,45822737;;;;;;
1794;41,83;47,46101521;;;;;;
1795;12,25;46,4638015;;;;;;
1796;10,54;47,46658624;;;;;;
1797;26,73;46,46936943;;;;;;
1798;37,23;43,47215108;;;;;;
1799;34,6;50,47493117;;;;;;
1800;13,58;43,47770972;;;;;;
1801;13,93;47,48048673;;;;;;
1802;27,47;50,48326219;;;;;;
1803;43,88;49,48603612;;;;;;
1804;11,77;49,4888085;;;;;;
1805;12,13;52,49157935;;;;;;
1806;5,55;46,49434867;;;;;;
1807;21,1;44,49711645;;;;;;
1808;15,18;51,4998827;;;;;;
1809;33,09;44,50264743;;;;;;
1810;23,41;52,50541062;;;;;;
1811;17,58;45,50817229;;;;;;
1812;15,69;42,51093243;;;;;;
1813;21,69;49,51369105;;;;;;
1814;11,83;51,51644815;;;;;;
1815;23,99;43,51920373;;;;;;
1816;32,68;47,5219578;;;;;;
1817;26,53;45,52471034;;;;;;
1818;13,7;49,52746137;;;;;;
1819;19,17;44,53021089;;;;;;
1820;27,09;46,5329589;;;;;;
1821;19,33;46,5357054;;;;;;
1822;5,28;51,53845039;;;;;;
1823;26,7;49,54119387;;;;;;
1824;57,38;50,54393585;;;;;;
1825;16,56;49,54667633;;;;;;
1826;30,9;47,54941531;;;;;;
1827;50,15;46,55215278;;;;;;
1828;14,34;45,55488876;;;;;;
1829;21,07;48,55762324;;;;;;
1830;49,4;52,56035623;;;;;;
1831;24,85;45,56308772;;;;;;
1832;13,98;44,56581773;;;;;;
1833;28,21;45,56854624;;;;;;
1834;28,81;48,57127326;;;;;;
1835;13,43;44,5739988;;;;;;
1836;26,17;49,57672286;;;;;;
1837;35,25;44,57944543;;;;;;
1838;15,85;46,58216651;;;;;;
1839;13,96;49,58488612;;;;;;
1840;17,73;45,58760425;;;;;;
1841;16,85;47,59032091;;;;;;
1842;19,6;50,59303608;;;;;;
1843;17,23;46,59574979;;;;;;
1844;17,57;47,59846202;;;;;;
1845;22,39;43,60117278;;;;;;
1846;18,87;52,60388208;;;;;;
1847;19,48;49,6065899;;;;;;
1848;28,19;45,60929626;;;;;;
1849;24,78;50,61200116;;;;;;
1850;52;48,61470459;;;;;;
1851;31,8;47,61740656;;;;;;
1852;27,58;47,62010708;;;;;;
1853;30,28;52,62280613;;;;;;
1854;11,33;46,62550373;;;;;;
1855;8,73;44,62819988;;;;;;
1856;22,12;44,63089457;;;;;;
1857;35,7;48,63358781;;;;;;
1858;32,82;52,6362796;;;;;;
1859;23,95;51,63896994;;;;;;
1860;26,2;51,64165883;;;;;;
1861;16,04;44,64434628;;;;;;
1862;21,47;44,64703229;;;;;;
1863;21,14;44,64971685;;;;;;
1864;27,23;44,65239998;;;;;;
1865;14,01;49,65508166;;;;;;
1866;37,48;42,65776191;;;;;;
1867;24,53;45,66044072;;;;;;
1868;30,56;50,66311809;;;;;;
1869;33,64;48,66579404;;;;;;
1870;14,81;43,66846855;;;;;;
1871;18,3;51,67114163;;;;;;
1872;43,63;49,67381329;;;;;;
1873;29,74;47,67648351;;;;;;
1874;14,51;52,67915231;;;;;;
1875;21,95;43,68181969;;;;;;
1876;61,12;49,68448565;;;;;;
1877;16,24;45,68715018;;;;;;
1878;16,6;47,6898133;;;;;;
1879;13,98;52,692475;;;;;;
1880;19,32;42,69513528;;;;;;
1881;14,21;44,69779415;;;;;;
1882;10,43;48,7004516;;;;;;
1883;30,79;46,70310764;;;;;;
1884;21,15;44,70576228;;;;;;
1885;23,66;51,7084155;;;;;;
1886;36,01;51,71106732;;;;;;
1887;7,17;47,71371773;;;;;;
1888;35,27;51,71636673;;;;;;
1889;19,22;42,71901434;;;;;;
1890;14,02;48,72166054;;;;;;
1891;12,09;50,72430534;;;;;;
1892;11,01;48,72694875;;;;;;
1893;23,99;52,72959076;;;;;;
1894;25,68;42,73223137;;;;;;
1895;48,02;42,73487059;;;;;;
1896;19,15;52,73750841;;;;;;
1897;18,79;50,74014485;;;;;;
1898;16,53;47,7427799;;;;;;
1899;12,55;42,74541355;;;;;;
1900;26,21;42,74804583;;;;;;
1901;26;52,75067671;;;;;;
1902;13,62;42,75330622;;;;;;
1903;21,85;50,75593434;;;;;;
1904;15,88;42,75856108;;;;;;
1905;41,44;52,76118644;;;;;;
1906;43,75;50,76381042;;;;;;
1907;39,3;51,76643303;;;;;;
1908;52,51;46,76905426;;;;;;
1909;26,96;43,77167412;;;;;;
1910;35,48;46,77429261;;;;;;
1911;16,35;43,77690972;;;;;;
1912;24,47;46,77952547;;;;;;
1913;31,22;44,78213985;;;;;;
1914;36,75;43,78475286;;;;;;
1915;17,94;51,78736451;;;;;;
1916;25,32;49,78997479;;;;;;
1917;17,27;42,79258372;;;;;;
1918;18,33;48,79519128;;;;;;
1919;17,53;48,79779748;;;;;;
1920;19,99;49,80040233;;;;;;
1921;20,44;51,80300581;;;;;;
1922;43,4;52,80560795;;;;;;
1923;20,56;50,80820873;;;;;;
1924;21,21;50,81080816;;;;;;
1925;15,65;49,81340623;;;;;;
1926;23,51;45,81600296;;;;;;
1927;18,52;45,81859834;;;;;;
1928;30,5;45,82119238;;;;;;
1929;8,04;51,82378506;;;;;;
1930;15,95;47,82637641;;;;;;
1931;31,54;42,82896641;;;;;;
1932;16,33;45,83155507;;;;;;
1933;10,42;47,8341424;;;;;;
1934;24,74;51,83672838;;;;;;
1935;17,51;51,83931303;;;;;;
1936;16,09;52,84189634;;;;;;
1937;40,08;42,84447832;;;;;;
1938;26,57;44,84705896;;;;;;
1939;17,99;45,84963828;;;;;;
1940;68,02;50,85221626;;;;;;
1941;29,95;48,85479292;;;;;;
1942;18,76;49,85736824;;;;;;
1943;24,93;49,85994225;;;;;;
1944;16,46;50,86251493;;;;;;
1945;22,51;46,86508628;;;;;;
1946;18,93;51,86765631;;;;;;
1947;23,92;45,87022503;;;;;;
1948;14,79;52,87279242;;;;;;
1949;12,79;47,8753585;;;;;;
1950;25,13;45,87792326;;;;;;
1951;15,34;48,8804867;;;;;;
1952;19,58;48,88304883;;;;;;
1953;11,91;47,88560965;;;;;;
1954;29,44;48,88816916;;;;;;
1955;25,91;52,89072736;;;;;;
1956;14,74;44,89328425;;;;;;
1957;25,72;50,89583984;;;;;;
1958;19,4;52,89839412;;;;;;
1959;8,29;45,90094709;;;;;;
1960;25,69;50,90349876;;;;;;
1961;26,99;47,90604913;;;;;;
1962;29;50,9085982;;;;;;
1963;29,72;42,91114597;;;;;;
1964;50,32;44,91369244;;;;;;
1965;18,21;50,91623762;;;;;;
1966;13,69;44,9187815;;;;;;
1967;14,47;47,92132409;;;;;;
1968;25,06;52,92386539;;;;;;
1969;53,75;52,92640539;;;;;;
1970;12,14;45,92894411;;;;;;
1971;18,45;43,93148154;;;;;;
1972;13,25;46,93401768;;;;;;
1973;24,92;44,93655253;;;;;;
1974;46,33;48,9390861;;;;;;
1975;28,89;51,94161839;;;;;;
1976;29,34;51,94414939;;;;;;
1977;26,15;46,94667912;;;;;;
1978;29,93;49,94920756;;;;;;
1979;16,08;51,95173473;;;;;;
1980;22,81;47,95426062;;;;;;
1981;8,48;51,95678523;;;;;;
1982;13,25;46,95930857;;;;;;
1983;18,27;52,96183064;;;;;;
1984;46,23;46,96435144;;;;;;
1985;22,23;52,96687097;;;;;;
1986;53,58;47,96938922;;;;;;
1987;15,53;50,97190621;;;;;;
1988;14,2;42,97442194;;;;;;
1989;18,25;51,97693639;;;;;;
1990;30,82;49,97944959;;;;;;
1991;27,47;48,98196152;;;;;;
1992;7,53;52,98447219;;;;;;
1993;26,59;46,9869816;;;;;;
1994;21,13;46,98948975;;;;;;
1995;45,83;50,99199665;;;;;;
1996;32,79;45,99450228;;;;;;
1997;17,53;52,99700667;;;;;;
1998;12,73;50,9995098;;;;;;
1999;23,73;46,00201167;;;;;;
2000;24,64;49,0045123;;;;;;